customer_id,order_frequency,payment_type
C3000,2,card
C3001,5,card
C3002,4,card
C3003,1,wallet
C3004,1,card
C3005,4,card
C3006,3,wallet
C3007,6,wallet
C3008,3,wallet
C3009,2,card
C3010,1,wallet
C3011,7,wallet
C3012,7,card
C3013,7,wallet
C3014,1,card
C3015,5,wallet
C3016,4,card
C3017,2,wallet
C3018,3,card
C3019,7,wallet
C3020,2,wallet
C3021,6,wallet
C3022,1,card
C3023,7,wallet
C3024,7,card
C3025,5,card
C3026,2,card
C3027,6,wallet
C3028,6,wallet
C3029,3,card
C3030,4,card
C3031,8,card
C3032,8,card
C3033,8,card
C3034,2,card
C3035,3,card
C3036,7,wallet
C3037,4,wallet
C3038,7,card
C3039,6,card
C3040,6,card
C3041,3,wallet
C3042,3,card
C3043,1,card
C3044,7,card
C3045,2,card
C3046,3,wallet
C3047,1,card
C3048,4,wallet
C3049,3,card
C3050,8,card
C3051,7,card
C3052,2,card
C3053,2,card
C3054,7,wallet
C3055,3,wallet
C3056,2,wallet
C3057,1,wallet
C3058,5,card
C3059,1,card
C3060,6,card
C3061,7,wallet
C3062,5,wallet
C3063,3,card
C3064,7,wallet
C3065,2,card
C3066,5,wallet
C3067,5,wallet
C3068,4,card
C3069,3,wallet
C3070,6,wallet
C3071,2,card
C3072,7,wallet
C3073,5,card
C3074,8,wallet
C3075,3,wallet
C3076,7,wallet
C3077,2,card
C3078,1,wallet
C3079,5,card
C3080,6,wallet
C3081,4,wallet
C3082,8,card
C3083,5,card
C3084,6,card
C3085,5,card
C3086,7,wallet
C3087,1,card
C3088,1,card
C3089,6,wallet
C3090,8,card
C3091,2,wallet
C3092,4,wallet
C3093,3,wallet
C3094,8,wallet
C3095,5,wallet
C3096,7,card
C3097,6,wallet
C3098,3,card
C3099,3,card
C3100,1,wallet
C3101,7,card
C3102,4,wallet
C3103,1,wallet
C3104,2,card
C3105,3,wallet
C3106,5,wallet
C3107,8,wallet
C3108,2,card
C3109,1,wallet
C3110,4,card
C3111,1,card
C3112,2,card
C3113,6,card
C3114,2,wallet
C3115,2,wallet
C3116,6,wallet
C3117,4,card
C3118,6,wallet
C3119,8,wallet
C3120,7,wallet
C3121,4,card
C3122,8,wallet
C3123,5,wallet
C3124,3,wallet
C3125,1,card
C3126,6,wallet
C3127,2,wallet
C3128,2,wallet
C3129,7,wallet
C3130,7,wallet
C3131,7,wallet
C3132,6,card
C3133,2,card
C3134,7,card
C3135,3,wallet
C3136,3,wallet
C3137,2,card
C3138,3,wallet
C3139,5,wallet
C3140,6,wallet
C3141,4,card
C3142,1,card
C3143,8,card
C3144,3,card
C3145,3,card
C3146,2,card
C3147,4,wallet
C3148,8,card
C3149,1,wallet
C3150,1,wallet
C3151,3,wallet
C3152,2,card
C3153,1,wallet
C3154,8,wallet
C3155,4,card
C3156,3,wallet
C3157,8,wallet
C3158,5,wallet
C3159,4,card
C3160,7,card
C3161,8,card
C3162,6,card
C3163,7,card
C3164,4,card
C3165,5,card
C3166,3,wallet
C3167,3,wallet
C3168,4,wallet
C3169,7,card
C3170,8,card
C3171,2,card
C3172,4,card
C3173,4,wallet
C3174,8,wallet
C3175,6,card
C3176,6,card
C3177,3,card
C3178,4,card
C3179,2,wallet
C3180,7,card
C3181,6,wallet
C3182,6,card
C3183,5,wallet
C3184,8,wallet
C3185,5,card
C3186,5,wallet
C3187,1,wallet
C3188,7,wallet
C3189,2,card
C3190,5,wallet
C3191,2,card
C3192,2,wallet
C3193,8,card
C3194,2,card
C3195,6,wallet
C3196,4,wallet
C3197,7,wallet
C3198,5,wallet
C3199,1,card
C3200,6,wallet
C3201,4,card
C3202,2,wallet
C3203,2,card
C3204,1,card
C3205,8,wallet
C3206,8,wallet
C3207,6,card
C3208,7,wallet
C3209,6,wallet
C3210,3,wallet
C3211,2,card
C3212,6,card
C3213,3,card
C3214,2,card
C3215,7,card
C3216,5,wallet
C3217,5,wallet
C3218,2,wallet
C3219,1,wallet
C3220,3,wallet
C3221,2,card
C3222,7,wallet
C3223,2,card
C3224,1,card
C3225,5,card
C3226,8,card
C3227,8,card
C3228,5,wallet
C3229,2,wallet
C3230,7,card
C3231,8,wallet
C3232,2,card
C3233,2,wallet
C3234,5,card
C3235,7,wallet
C3236,4,wallet
C3237,8,card
C3238,5,card
C3239,8,card
C3240,3,card
C3241,8,card
C3242,4,wallet
C3243,3,wallet
C3244,8,card
C3245,8,card
C3246,2,wallet
C3247,3,wallet
C3248,4,card
C3249,1,wallet
C3250,3,wallet
C3251,2,card
C3252,5,wallet
C3253,7,wallet
C3254,1,wallet
C3255,6,wallet
C3256,6,card
C3257,3,card
C3258,7,wallet
C3259,1,card
C3260,7,card
C3261,6,card
C3262,2,wallet
C3263,4,wallet
C3264,2,wallet
C3265,3,card
C3266,7,wallet
C3267,3,card
C3268,2,wallet
C3269,1,wallet
C3270,4,card
C3271,2,card
C3272,4,wallet
C3273,6,wallet
C3274,2,wallet
C3275,1,wallet
C3276,8,wallet
C3277,2,wallet
C3278,2,wallet
C3279,2,wallet
C3280,6,card
C3281,3,wallet
C3282,4,card
C3283,2,wallet
C3284,5,wallet
C3285,2,wallet
C3286,4,card
C3287,7,card
C3288,1,wallet
C3289,5,wallet
C3290,7,wallet
C3291,2,wallet
C3292,2,wallet
C3293,4,wallet
C3294,6,wallet
C3295,4,wallet
C3296,2,card
C3297,5,wallet
C3298,5,wallet
C3299,7,wallet
C3300,6,card
C3301,8,card
C3302,6,wallet
C3303,7,card
C3304,5,card
C3305,1,wallet
C3306,5,card
C3307,2,card
C3308,1,wallet
C3309,1,card
C3310,6,card
C3311,8,card
C3312,1,wallet
C3313,2,wallet
C3314,8,card
C3315,6,wallet
C3316,5,wallet
C3317,3,wallet
C3318,8,card
C3319,1,wallet
C3320,3,wallet
C3321,1,card
C3322,5,card
C3323,8,card
C3324,5,wallet
C3325,1,wallet
C3326,4,wallet
C3327,5,card
C3328,7,wallet
C3329,1,card
C3330,1,wallet
C3331,8,card
C3332,6,card
C3333,2,wallet
C3334,8,card
C3335,8,card
C3336,5,card
C3337,3,wallet
C3338,7,wallet
C3339,8,wallet
C3340,3,wallet
C3341,1,card
C3342,4,card
C3343,8,wallet
C3344,6,wallet
C3345,5,card
C3346,3,card
C3347,4,card
C3348,4,card
C3349,4,card
C3350,2,wallet
C3351,2,wallet
C3352,5,wallet
C3353,3,wallet
C3354,5,wallet
C3355,3,card
C3356,5,card
C3357,3,card
C3358,2,card
C3359,7,wallet
C3360,2,card
C3361,1,wallet
C3362,1,wallet
C3363,1,wallet
C3364,4,wallet
C3365,7,wallet
C3366,1,card
C3367,7,wallet
C3368,8,card
C3369,3,wallet
C3370,8,card
C3371,3,card
C3372,7,card
C3373,4,card
C3374,4,wallet
C3375,3,card
C3376,3,wallet
C3377,3,wallet
C3378,2,wallet
C3379,2,wallet
C3380,1,card
C3381,8,wallet
C3382,2,wallet
C3383,8,card
C3384,3,wallet
C3385,6,card
C3386,1,wallet
C3387,8,wallet
C3388,4,card
C3389,4,wallet
C3390,7,card
C3391,6,wallet
C3392,1,wallet
C3393,6,wallet
C3394,2,card
C3395,5,wallet
C3396,2,card
C3397,7,wallet
C3398,1,wallet
C3399,4,wallet
C3400,4,wallet
C3401,1,wallet
C3402,7,wallet
C3403,6,wallet
C3404,5,wallet
C3405,2,wallet
C3406,6,wallet
C3407,3,wallet
C3408,7,card
C3409,6,card
C3410,4,card
C3411,3,card
C3412,8,wallet
C3413,3,wallet
C3414,6,wallet
C3415,1,wallet
C3416,7,card
C3417,1,wallet
C3418,2,card
C3419,3,wallet
C3420,8,wallet
C3421,6,card
C3422,5,wallet
C3423,2,card
C3424,8,card
C3425,3,card
C3426,1,card
C3427,1,wallet
C3428,8,wallet
C3429,1,wallet
C3430,5,card
C3431,1,wallet
C3432,2,wallet
C3433,3,wallet
C3434,6,card
C3435,7,wallet
C3436,5,wallet
C3437,6,card
C3438,7,wallet
C3439,4,card
C3440,1,card
C3441,2,wallet
C3442,1,wallet
C3443,3,card
C3444,6,wallet
C3445,5,wallet
C3446,4,card
C3447,4,card
C3448,3,card
C3449,3,wallet
C3450,7,wallet
C3451,6,wallet
C3452,5,card
C3453,7,card
C3454,8,card
C3455,6,card
C3456,4,card
C3457,4,wallet
C3458,4,card
C3459,5,card
C3460,8,card
C3461,4,wallet
C3462,1,wallet
C3463,4,card
C3464,3,wallet
C3465,1,card
C3466,6,card
C3467,6,card
C3468,4,wallet
C3469,4,card
C3470,2,wallet
C3471,5,card
C3472,3,wallet
C3473,2,wallet
C3474,8,card
C3475,4,wallet
C3476,5,card
C3477,7,card
C3478,8,card
C3479,8,card
C3480,4,card
C3481,8,wallet
C3482,4,card
C3483,6,wallet
C3484,1,card
C3485,1,wallet
C3486,7,card
C3487,3,card
C3488,8,card
C3489,1,card
C3490,3,wallet
C3491,2,wallet
C3492,8,wallet
C3493,2,card
C3494,3,wallet
C3495,3,card
C3496,5,card
C3497,5,wallet
C3498,3,wallet
C3499,8,card
C3500,3,wallet
C3501,3,wallet
C3502,4,wallet
C3503,6,card
C3504,1,wallet
C3505,8,wallet
C3506,8,card
C3507,5,wallet
C3508,7,wallet
C3509,4,wallet
C3510,5,card
C3511,3,card
C3512,6,wallet
C3513,2,wallet
C3514,8,card
C3515,2,wallet
C3516,8,wallet
C3517,1,card
C3518,7,card
C3519,8,card
C3520,3,card
C3521,2,wallet
C3522,2,card
C3523,2,card
C3524,2,wallet
C3525,3,wallet
C3526,1,card
C3527,4,wallet
C3528,7,card
C3529,3,card
C3530,5,card
C3531,1,card
C3532,6,wallet
C3533,4,wallet
C3534,4,card
C3535,1,wallet
C3536,1,card
C3537,7,card
C3538,1,wallet
C3539,6,card
C3540,3,card
C3541,5,wallet
C3542,5,card
C3543,5,card
C3544,6,card
C3545,1,wallet
C3546,1,wallet
C3547,2,card
C3548,4,card
C3549,2,card
C3550,4,card
C3551,8,wallet
C3552,4,wallet
C3553,1,card
C3554,4,card
C3555,6,card
C3556,7,wallet
C3557,4,wallet
C3558,3,card
C3559,1,card
C3560,6,card
C3561,7,card
C3562,5,card
C3563,3,card
C3564,5,card
C3565,8,wallet
C3566,2,wallet
C3567,1,wallet
C3568,8,wallet
C3569,3,card
C3570,4,wallet
C3571,4,card
C3572,4,card
C3573,3,card
C3574,8,wallet
C3575,3,wallet
C3576,8,card
C3577,5,card
C3578,5,wallet
C3579,4,wallet
C3580,5,wallet
C3581,7,wallet
C3582,3,wallet
C3583,3,wallet
C3584,6,card
C3585,7,wallet
C3586,2,card
C3587,1,wallet
C3588,4,wallet
C3589,8,wallet
C3590,5,card
C3591,1,wallet
C3592,8,wallet
C3593,3,wallet
C3594,6,wallet
C3595,3,card
C3596,3,card
C3597,3,card
C3598,4,wallet
C3599,2,wallet
C3600,1,card
C3601,8,card
C3602,8,card
C3603,6,wallet
C3604,8,wallet
C3605,2,wallet
C3606,1,wallet
C3607,6,card
C3608,5,wallet
C3609,1,card
C3610,8,wallet
C3611,5,wallet
C3612,3,wallet
C3613,4,card
C3614,8,card
C3615,7,wallet
C3616,5,wallet
C3617,8,card
C3618,4,wallet
C3619,6,wallet
C3620,7,wallet
C3621,8,wallet
C3622,5,wallet
C3623,8,wallet
C3624,7,wallet
C3625,3,wallet
C3626,4,card
C3627,4,card
C3628,6,card
C3629,1,card
C3630,5,card
C3631,3,wallet
C3632,2,wallet
C3633,1,card
C3634,6,card
C3635,1,wallet
C3636,6,wallet
C3637,8,card
C3638,2,card
C3639,4,wallet
C3640,6,wallet
C3641,8,card
C3642,7,wallet
C3643,8,card
C3644,4,card
C3645,8,wallet
C3646,5,card
C3647,1,card
C3648,4,card
C3649,3,wallet
C3650,7,card
C3651,4,card
C3652,5,card
C3653,6,card
C3654,8,wallet
C3655,4,card
C3656,5,card
C3657,2,card
C3658,2,card
C3659,1,card
C3660,4,wallet
C3661,8,wallet
C3662,3,wallet
C3663,4,wallet
C3664,4,wallet
C3665,4,card
C3666,2,card
C3667,2,card
C3668,3,wallet
C3669,5,card
C3670,6,wallet
C3671,8,wallet
C3672,1,wallet
C3673,7,wallet
C3674,2,wallet
C3675,6,wallet
C3676,6,card
C3677,6,wallet
C3678,4,wallet
C3679,1,wallet
C3680,5,card
C3681,8,wallet
C3682,7,card
C3683,4,wallet
C3684,7,wallet
C3685,6,card
C3686,8,wallet
C3687,5,wallet
C3688,7,wallet
C3689,2,wallet
C3690,3,card
C3691,7,card
C3692,3,card
C3693,3,wallet
C3694,6,card
C3695,8,card
C3696,1,wallet
C3697,2,wallet
C3698,4,card
C3699,4,wallet